,Run 0,Run 1,Run 2,Run 3,Run 4,Run 5,Run 6,Run 7,Run 8,Run 9,Run 10,Run 11,Run 12,Run 13,Run 14,Run 15,Run 16,Run 17,Run 18,Run 19,Run 20,Run 21,Run 22,Run 23,Run 24,Run 25,Run 26,Run 27,Run 28,Run 29,Run 30,Run 31,Run 32,Run 33,Run 34,Run 35,Run 36,Run 37,Run 38,Run 39,Run 40,Run 41,Run 42,Run 43,Run 44,Run 45,Run 46,Run 47,Run 48,Run 49
0,0.5,0.5,0.3076923076923077,0.5,0.5,0.5,0.5,0.5,0.5,0.32432432432432434,0.5,0.4,0.5,0.5,0.42857142857142855,0.5,0.5,0.5,0.5,0.5,0.5,0.5,0.3333333333333333,0.5,0.5,0.5,0.5,0.375,0.5,0.5,0.5,0.25,0.5,0.5,0.5,0.5,0.5,0.5,0.5,0.5,0.5,0.5,0.5,0.5,0.5,0.5,0.5,0.5,0.32608695652173914,0.5
1,0.6666666666666666,0.6666666666666666,0.41025641025641024,0.6666666666666666,0.6666666666666666,0.6666666666666666,0.6666666666666666,0.6666666666666666,0.6666666666666666,0.44144144144144143,0.6666666666666666,0.5466666666666666,0.6666666666666666,0.6666666666666666,0.5595238095238095,0.6666666666666666,0.6666666666666666,0.6666666666666666,0.6666666666666666,0.6666666666666666,0.6666666666666666,0.6666666666666666,0.4444444444444444,0.6666666666666666,0.6666666666666666,0.6666666666666666,0.6666666666666666,0.48,0.6666666666666666,0.6666666666666666,0.6666666666666666,0.3333333333333333,0.6666666666666666,0.6666666666666666,0.6666666666666666,0.6666666666666666,0.6666666666666666,0.6666666666666666,0.6666666666666666,0.6666666666666666,0.6666666666666666,0.6666666666666666,0.6666666666666666,0.6666666666666666,0.6666666666666666,0.6666666666666666,0.6666666666666666,0.6666666666666666,0.42028985507246375,0.6666666666666666
2,0.75,0.75,0.46153846153846156,0.75,0.75,0.75,0.75,0.75,0.75,0.49324324324324326,0.75,0.62,0.75,0.75,0.625,0.75,0.75,0.75,0.75,0.75,0.75,0.75,0.5084745762711864,0.75,0.75,0.75,0.75,0.5294117647058824,0.75,0.75,0.75,0.4375,0.75,0.75,0.75,0.75,0.75,0.75,0.75,0.75,0.75,0.75,0.75,0.75,0.75,0.75,0.75,0.75,0.4782608695652174,0.75
3,0.8,0.8,0.49230769230769234,0.8,0.8,0.8,0.8,0.8,0.8,0.5243243243243243,0.8,0.664,0.8,0.8,0.6642857142857143,0.8,0.8,0.8,0.8,0.8,0.8,0.8,0.5405405405405406,0.8,0.8,0.8,0.8,0.5714285714285714,0.8,0.8,0.8,0.45,0.8,0.8,0.8,0.8,0.8,0.8,0.8,0.8,0.8,0.8,0.8,0.8,0.8,0.8,0.8,0.8,0.5130434782608696,0.8
4,0.8333333333333334,0.8333333333333334,0.5128205128205128,0.8333333333333334,0.8333333333333334,0.8333333333333334,0.8333333333333334,0.8333333333333334,0.8333333333333334,0.5495495495495496,0.8333333333333334,0.6887417218543046,0.8333333333333334,0.8333333333333334,0.6904761904761905,0.8333333333333334,0.8333333333333334,0.8333333333333334,0.8333333333333334,0.8333333333333334,0.8333333333333334,0.8333333333333334,0.5617977528089888,0.8333333333333334,0.8333333333333334,0.8333333333333334,0.8333333333333334,0.6,0.8333333333333334,0.8333333333333334,0.8333333333333334,0.4583333333333333,0.8333333333333334,0.8333333333333334,0.8333333333333334,0.8333333333333334,0.8333333333333334,0.8333333333333334,0.8333333333333334,0.8333333333333334,0.8333333333333334,0.8333333333333334,0.8333333333333334,0.8333333333333334,0.8333333333333334,0.8333333333333334,0.8333333333333334,0.8333333333333334,0.5362318840579711,0.8333333333333334
5,0.8571428571428571,0.8571428571428571,0.5274725274725275,0.8571428571428571,0.8571428571428571,0.8571428571428571,0.8571428571428571,0.8571428571428571,0.8571428571428571,0.5637065637065637,0.8571428571428571,0.7102272727272727,0.8571428571428571,0.8571428571428571,0.7091836734693877,0.8571428571428571,0.8571428571428571,0.8571428571428571,0.8571428571428571,0.8571428571428571,0.8571428571428571,0.8571428571428571,0.5825242718446602,0.8571428571428571,0.8571428571428571,0.8571428571428571,0.8571428571428571,0.6206896551724138,0.8571428571428571,0.8571428571428571,0.8571428571428571,0.4642857142857143,0.8571428571428571,0.8571428571428571,0.8571428571428571,0.8571428571428571,0.8571428571428571,0.8571428571428571,0.8571428571428571,0.8571428571428571,0.8571428571428571,0.8571428571428571,0.8571428571428571,0.8571428571428571,0.8571428571428571,0.8571428571428571,0.8571428571428571,0.8571428571428571,0.5527950310559007,0.8571428571428571
6,0.875,0.875,0.5384615384615384,0.875,0.875,0.875,0.875,0.875,0.875,0.581081081081081,0.875,0.7263681592039801,0.875,0.875,0.7232142857142857,0.875,0.875,0.875,0.875,0.875,0.875,0.875,0.5932203389830508,0.875,0.875,0.875,0.875,0.6363636363636364,0.875,0.875,0.875,0.46875,0.875,0.875,0.875,0.875,0.875,0.875,0.875,0.875,0.875,0.875,0.875,0.875,0.875,0.875,0.875,0.875,0.5652173913043478,0.875
7,0.8888888888888888,0.8888888888888888,0.5470085470085471,0.8888888888888888,0.8888888888888888,0.8888888888888888,0.8888888888888888,0.8888888888888888,0.8888888888888888,0.5885885885885885,0.8888888888888888,0.7345132743362832,0.8888888888888888,0.8888888888888888,0.7341269841269841,0.8888888888888888,0.8888888888888888,0.8888888888888888,0.8888888888888888,0.8888888888888888,0.8888888888888888,0.8888888888888888,0.6015037593984962,0.8888888888888888,0.8888888888888888,0.8888888888888888,0.8888888888888888,0.6486486486486487,0.8888888888888888,0.8888888888888888,0.8888888888888888,0.4722222222222222,0.8888888888888888,0.8888888888888888,0.8888888888888888,0.8888888888888888,0.8888888888888888,0.8888888888888888,0.8888888888888888,0.8888888888888888,0.8888888888888888,0.8888888888888888,0.8888888888888888,0.8888888888888888,0.8888888888888888,0.8888888888888888,0.8888888888888888,0.8888888888888888,0.5748792270531401,0.8888888888888888
8,0.9,0.9,0.5538461538461539,0.9,0.9,0.9,0.9,0.9,0.9,0.6,0.9,0.7450199203187251,0.9,0.9,0.7428571428571429,0.9,0.9,0.9,0.9,0.9,0.9,0.9,0.6081081081081081,0.9,0.9,0.9,0.9,0.6585365853658537,0.9,0.9,0.9,0.475,0.9,0.9,0.9,0.9,0.9,0.9,0.9,0.9,0.9,0.9,0.9,0.9,0.9,0.9,0.9,0.9,0.5826086956521739,0.9
9,0.9090909090909091,0.9090909090909091,0.5594405594405595,0.9090909090909091,0.9090909090909091,0.9090909090909091,0.9090909090909091,0.9090909090909091,0.9090909090909091,0.6044226044226044,0.9090909090909091,0.75,0.9090909090909091,0.9090909090909091,0.75,0.9090909090909091,0.9090909090909091,0.9090909090909091,0.9090909090909091,0.9090909090909091,0.9090909090909091,0.9090909090909091,0.6134969325153374,0.9090909090909091,0.9090909090909091,0.9090909090909091,0.9090909090909091,0.6593406593406593,0.9090909090909091,0.9090909090909091,0.9090909090909091,0.4772727272727273,0.9090909090909091,0.9090909090909091,0.9090909090909091,0.9090909090909091,0.9090909090909091,0.9090909090909091,0.9090909090909091,0.9090909090909091,0.9090909090909091,0.9090909090909091,0.9090909090909091,0.9090909090909091,0.9090909090909091,0.9090909090909091,0.9090909090909091,0.9090909090909091,0.5889328063241107,0.9090909090909091
10,0.9166666666666666,0.9166666666666666,0.5641025641025641,0.9166666666666666,0.9166666666666666,0.9166666666666666,0.9166666666666666,0.9166666666666666,0.9166666666666666,0.6081081081081081,0.9166666666666666,0.7516556291390728,0.9166666666666666,0.9166666666666666,0.7559523809523809,0.9166666666666666,0.9166666666666666,0.9166666666666666,0.9166666666666666,0.9166666666666666,0.9166666666666666,0.9166666666666666,0.6214689265536724,0.9166666666666666,0.9166666666666666,0.9166666666666666,0.9166666666666666,0.6666666666666666,0.9166666666666666,0.9166666666666666,0.9166666666666666,0.4791666666666667,0.9166666666666666,0.9166666666666666,0.9166666666666666,0.9166666666666666,0.9166666666666666,0.9166666666666666,0.9166666666666666,0.9166666666666666,0.9166666666666666,0.9166666666666666,0.9166666666666666,0.9166666666666666,0.9166666666666666,0.9166666666666666,0.9166666666666666,0.9166666666666666,0.5942028985507246,0.9166666666666666
11,0.9230769230769231,0.9230769230769231,0.5680473372781065,0.9230769230769231,0.9230769230769231,0.9230769230769231,0.9230769230769231,0.9230769230769231,0.9230769230769231,0.6112266112266113,0.9230769230769231,0.7560975609756098,0.9230769230769231,0.9230769230769231,0.760989010989011,0.9230769230769231,0.9230769230769231,0.9230769230769231,0.9230769230769231,0.9230769230769231,0.9230769230769231,0.9230769230769231,0.625,0.9230769230769231,0.9230769230769231,0.9230769230769231,0.9230769230769231,0.6728971962616822,0.9230769230769231,0.9230769230769231,0.9230769230769231,0.4807692307692308,0.9230769230769231,0.9230769230769231,0.9230769230769231,0.9230769230769231,0.9230769230769231,0.9230769230769231,0.9230769230769231,0.9230769230769231,0.9230769230769231,0.9230769230769231,0.9230769230769231,0.9230769230769231,0.9230769230769231,0.9230769230769231,0.9230769230769231,0.9230769230769231,0.5986622073578596,0.9230769230769231
12,0.9285714285714286,0.9285714285714286,0.5714285714285714,0.9285714285714286,0.9285714285714286,0.9285714285714286,0.9285714285714286,0.9285714285714286,0.9285714285714286,0.6138996138996139,0.9285714285714286,0.7570621468926554,0.9285714285714286,0.9285714285714286,0.7678571428571429,0.9285714285714286,0.9285714285714286,0.9285714285714286,0.9285714285714286,0.9285714285714286,0.9285714285714286,0.9285714285714286,0.6280193236714976,0.9285714285714286,0.9285714285714286,0.9285714285714286,0.9285714285714286,0.6782608695652174,0.9285714285714286,0.9285714285714286,0.9285714285714286,0.48214285714285715,0.9285714285714286,0.9285714285714286,0.9285714285714286,0.9285714285714286,0.9285714285714286,0.9285714285714286,0.9285714285714286,0.9285714285714286,0.9285714285714286,0.9285714285714286,0.9285714285714286,0.9285714285714286,0.9285714285714286,0.9285714285714286,0.9285714285714286,0.9285714285714286,0.6024844720496895,0.9285714285714286
13,0.9333333333333333,0.9333333333333333,0.5743589743589743,0.9333333333333333,0.9333333333333333,0.9333333333333333,0.9333333333333333,0.9333333333333333,0.9333333333333333,0.6162162162162163,0.9333333333333333,0.762532981530343,0.9333333333333333,0.9333333333333333,0.7714285714285715,0.9333333333333333,0.9333333333333333,0.9333333333333333,0.9333333333333333,0.9333333333333333,0.9333333333333333,0.9333333333333333,0.6306306306306306,0.9333333333333333,0.9333333333333333,0.9333333333333333,0.9333333333333333,0.6774193548387096,0.9333333333333333,0.9333333333333333,0.9333333333333333,0.48333333333333334,0.9333333333333333,0.9333333333333333,0.9333333333333333,0.9333333333333333,0.9333333333333333,0.9333333333333333,0.9333333333333333,0.9333333333333333,0.9333333333333333,0.9333333333333333,0.9333333333333333,0.9333333333333333,0.9333333333333333,0.9333333333333333,0.9333333333333333,0.9333333333333333,0.6028985507246377,0.9333333333333333
14,0.9375,0.9375,0.5769230769230769,0.9375,0.9375,0.9375,0.9375,0.9375,0.9375,0.6182432432432432,0.9375,0.7654320987654321,0.9375,0.9375,0.7745535714285714,0.9375,0.9375,0.9375,0.9375,0.9375,0.9375,0.9375,0.635593220338983,0.9375,0.9375,0.9375,0.9375,0.6818181818181818,0.9375,0.9375,0.9375,0.484375,0.9375,0.9375,0.9375,0.9375,0.9375,0.9375,0.9375,0.9375,0.9375,0.9375,0.9375,0.9375,0.9375,0.9375,0.9375,0.9375,0.6059782608695652,0.9375
15,0.9411764705882353,0.9411764705882353,0.579185520361991,0.9411764705882353,0.9411764705882353,0.9411764705882353,0.9411764705882353,0.9411764705882353,0.9411764705882353,0.6200317965023847,0.9411764705882353,0.7697674418604651,0.9411764705882353,0.9411764705882353,0.7794117647058824,0.9411764705882353,0.9411764705882353,0.9411764705882353,0.9411764705882353,0.9411764705882353,0.9411764705882353,0.9411764705882353,0.6374501992031872,0.9411764705882353,0.9411764705882353,0.9411764705882353,0.9411764705882353,0.6808510638297872,0.9411764705882353,0.9411764705882353,0.9411764705882353,0.4852941176470588,0.9411764705882353,0.9411764705882353,0.9411764705882353,0.9411764705882353,0.9411764705882353,0.9411764705882353,0.9411764705882353,0.9411764705882353,0.9411764705882353,0.9411764705882353,0.9411764705882353,0.9411764705882353,0.9411764705882353,0.9411764705882353,0.9411764705882353,0.9411764705882353,0.6086956521739131,0.9411764705882353
16,0.9444444444444444,0.9444444444444444,0.5811965811965812,0.9444444444444444,0.9444444444444444,0.9444444444444444,0.9444444444444444,0.9444444444444444,0.9444444444444444,0.6216216216216216,0.9444444444444444,0.7714285714285715,0.9444444444444444,0.9444444444444444,0.7817460317460317,0.9444444444444444,0.9444444444444444,0.9444444444444444,0.9444444444444444,0.9444444444444444,0.9444444444444444,0.9444444444444444,0.6390977443609023,0.9444444444444444,0.9444444444444444,0.9444444444444444,0.9444444444444444,0.6845637583892618,0.9444444444444444,0.9444444444444444,0.9444444444444444,0.4861111111111111,0.9444444444444444,0.9444444444444444,0.9444444444444444,0.9444444444444444,0.9444444444444444,0.9444444444444444,0.9444444444444444,0.9444444444444444,0.9444444444444444,0.9444444444444444,0.9444444444444444,0.9444444444444444,0.9444444444444444,0.9444444444444444,0.9444444444444444,0.9444444444444444,0.6111111111111112,0.9444444444444444
17,0.9473684210526315,0.9473684210526315,0.582995951417004,0.9473684210526315,0.9473684210526315,0.9473684210526315,0.9473684210526315,0.9473684210526315,0.9473684210526315,0.6230440967283073,0.9473684210526315,0.7729166666666667,0.9473684210526315,0.9473684210526315,0.7838345864661654,0.9473684210526315,0.9473684210526315,0.9473684210526315,0.9473684210526315,0.9473684210526315,0.9473684210526315,0.9473684210526315,0.6405693950177936,0.9473684210526315,0.9473684210526315,0.9473684210526315,0.9473684210526315,0.6878980891719745,0.9473684210526315,0.9473684210526315,0.9473684210526315,0.4868421052631579,0.9473684210526315,0.9473684210526315,0.9473684210526315,0.9473684210526315,0.9473684210526315,0.9473684210526315,0.9473684210526315,0.9473684210526315,0.9473684210526315,0.9473684210526315,0.9473684210526315,0.9473684210526315,0.9473684210526315,0.9473684210526315,0.9473684210526315,0.9473684210526315,0.6132723112128147,0.9473684210526315
18,0.95,0.95,0.5846153846153846,0.95,0.95,0.95,0.95,0.95,0.95,0.6221322537112011,0.95,0.7727272727272727,0.95,0.95,0.7875,0.95,0.95,0.95,0.95,0.95,0.95,0.95,0.6418918918918919,0.95,0.95,0.95,0.95,0.6867469879518072,0.95,0.95,0.95,0.4875,0.95,0.95,0.95,0.95,0.95,0.95,0.95,0.95,0.95,0.95,0.95,0.95,0.95,0.95,0.95,0.95,0.6152173913043478,0.95
19,0.9523809523809523,0.9523809523809523,0.5860805860805861,0.9523809523809523,0.9523809523809523,0.9523809523809523,0.9523809523809523,0.9523809523809523,0.9523809523809523,0.622107969151671,0.9523809523809523,0.775894538606403,0.9523809523809523,0.9523809523809523,0.7908163265306123,0.9523809523809523,0.9523809523809523,0.9523809523809523,0.9523809523809523,0.9523809523809523,0.9523809523809523,0.9523809523809523,0.6451612903225806,0.9523809523809523,0.9523809523809523,0.9523809523809523,0.9523809523809523,0.6818181818181818,0.9523809523809523,0.9523809523809523,0.9523809523809523,0.5,0.9523809523809523,0.9523809523809523,0.9523809523809523,0.9523809523809523,0.9523809523809523,0.9523809523809523,0.9523809523809523,0.9523809523809523,0.9523809523809523,0.9523809523809523,0.9523809523809523,0.9523809523809523,0.9523809523809523,0.9523809523809523,0.9523809523809523,0.9523809523809523,0.6169772256728778,0.9523809523809523
20,0.9545454545454546,0.9545454545454546,0.5874125874125874,0.9545454545454546,0.9545454545454546,0.9545454545454546,0.9545454545454546,0.9545454545454546,0.9545454545454546,0.6257668711656442,0.9545454545454546,0.7755834829443446,0.9545454545454546,0.9545454545454546,0.7922077922077922,0.9545454545454546,0.9545454545454546,0.9545454545454546,0.9545454545454546,0.9545454545454546,0.9545454545454546,0.9545454545454546,0.6461538461538462,0.9545454545454546,0.9545454545454546,0.9545454545454546,0.9545454545454546,0.6847826086956522,0.9545454545454546,0.9545454545454546,0.9545454545454546,0.5,0.9545454545454546,0.9545454545454546,0.9545454545454546,0.9545454545454546,0.9545454545454546,0.9545454545454546,0.9545454545454546,0.9545454545454546,0.9545454545454546,0.9545454545454546,0.9545454545454546,0.9545454545454546,0.9545454545454546,0.9545454545454546,0.9545454545454546,0.9545454545454546,0.6185770750988142,0.9545454545454546
21,0.9565217391304348,0.9565217391304348,0.5886287625418061,0.9565217391304348,0.9565217391304348,0.9565217391304348,0.9565217391304348,0.9565217391304348,0.9565217391304348,0.6267605633802817,0.9565217391304348,0.7766323024054983,0.9565217391304348,0.9565217391304348,0.7934782608695652,0.9565217391304348,0.9565217391304348,0.9565217391304348,0.9565217391304348,0.9565217391304348,0.9565217391304348,0.9565217391304348,0.6489675516224189,0.9565217391304348,0.9565217391304348,0.9565217391304348,0.9565217391304348,0.6875,0.9565217391304348,0.9565217391304348,0.9565217391304348,0.5,0.9565217391304348,0.9565217391304348,0.9565217391304348,0.9565217391304348,0.9565217391304348,0.9565217391304348,0.9565217391304348,0.9565217391304348,0.9565217391304348,0.9565217391304348,0.9565217391304348,0.9565217391304348,0.9565217391304348,0.9565217391304348,0.9565217391304348,0.9565217391304348,0.6200378071833649,0.9565217391304348
22,0.9583333333333334,0.9583333333333334,0.5897435897435898,0.9583333333333334,0.9583333333333334,0.9583333333333334,0.9583333333333334,0.9583333333333334,0.9583333333333334,0.6276715410573678,0.9583333333333334,0.7775947281713345,0.9583333333333334,0.9583333333333334,0.7961309523809523,0.9583333333333334,0.9583333333333334,0.9583333333333334,0.9583333333333334,0.9583333333333334,0.9583333333333334,0.9583333333333334,0.6497175141242938,0.9583333333333334,0.9583333333333334,0.9583333333333334,0.9583333333333334,0.69,0.9583333333333334,0.9583333333333334,0.9583333333333334,0.5,0.9583333333333334,0.9583333333333334,0.9583333333333334,0.9583333333333334,0.9583333333333334,0.9583333333333334,0.9583333333333334,0.9583333333333334,0.9583333333333334,0.9583333333333334,0.9583333333333334,0.9583333333333334,0.9583333333333334,0.9583333333333334,0.9583333333333334,0.9583333333333334,0.6213768115942029,0.9583333333333334
23,0.96,0.96,0.5907692307692308,0.96,0.96,0.96,0.96,0.96,0.96,0.6291891891891892,0.96,0.7800632911392406,0.96,0.96,0.7971428571428572,0.96,0.96,0.96,0.96,0.96,0.96,0.96,0.6521739130434783,0.96,0.96,0.96,0.96,0.6857142857142857,0.96,0.96,0.96,0.51,0.96,0.96,0.96,0.96,0.96,0.96,0.96,0.96,0.96,0.96,0.96,0.96,0.96,0.96,0.96,0.96,0.6226086956521739,0.96
24,0.9615384615384616,0.9615384615384616,0.591715976331361,0.9615384615384616,0.9615384615384616,0.9615384615384616,0.9615384615384616,0.9615384615384616,0.9615384615384616,0.6299376299376299,0.9615384615384616,0.7811550151975684,0.9615384615384616,0.9615384615384616,0.7980769230769231,0.9615384615384616,0.9615384615384616,0.9615384615384616,0.9615384615384616,0.9615384615384616,0.9615384615384616,0.9615384615384616,0.6527415143603134,0.9615384615384616,0.9615384615384616,0.9615384615384616,0.9615384615384616,0.6880733944954128,0.9615384615384616,0.9615384615384616,0.9615384615384616,0.5192307692307693,0.9615384615384616,0.9615384615384616,0.9615384615384616,0.9615384615384616,0.9615384615384616,0.9615384615384616,0.9615384615384616,0.9615384615384616,0.9615384615384616,0.9615384615384616,0.9615384615384616,0.9615384615384616,0.9615384615384616,0.9615384615384616,0.9615384615384616,0.9615384615384616,0.6220735785953178,0.9615384615384616
25,0.9629629629629629,0.9629629629629629,0.5925925925925926,0.9629629629629629,0.9629629629629629,0.9629629629629629,0.9629629629629629,0.9629629629629629,0.9629629629629629,0.6326326326326326,0.9629629629629629,0.7818448023426061,0.9629629629629629,0.9629629629629629,0.798941798941799,0.9629629629629629,0.9629629629629629,0.9629629629629629,0.9629629629629629,0.9629629629629629,0.9629629629629629,0.9629629629629629,0.6532663316582915,0.9629629629629629,0.9629629629629629,0.9629629629629629,0.9629629629629629,0.6872246696035242,0.9629629629629629,0.9629629629629629,0.9629629629629629,0.5185185185185185,0.9629629629629629,0.9629629629629629,0.9629629629629629,0.9629629629629629,0.9629629629629629,0.9629629629629629,0.9629629629629629,0.9629629629629629,0.9629629629629629,0.9629629629629629,0.9629629629629629,0.9629629629629629,0.9629629629629629,0.9629629629629629,0.9629629629629629,0.9629629629629629,0.6231884057971014,0.9629629629629629
26,0.9642857142857143,0.9642857142857143,0.5934065934065934,0.9642857142857143,0.9642857142857143,0.9642857142857143,0.9642857142857143,0.9642857142857143,0.9642857142857143,0.6332046332046332,0.9642857142857143,0.7838983050847458,0.9642857142857143,0.9642857142857143,0.7997448979591837,0.9642857142857143,0.9642857142857143,0.9642857142857143,0.9642857142857143,0.9642857142857143,0.9642857142857143,0.9642857142857143,0.6537530266343826,0.9642857142857143,0.9642857142857143,0.9642857142857143,0.9642857142857143,0.6893617021276596,0.9642857142857143,0.9642857142857143,0.9642857142857143,0.5178571428571429,0.9642857142857143,0.9642857142857143,0.9642857142857143,0.9642857142857143,0.9642857142857143,0.9642857142857143,0.9642857142857143,0.9642857142857143,0.9642857142857143,0.9642857142857143,0.9642857142857143,0.9642857142857143,0.9642857142857143,0.9642857142857143,0.9642857142857143,0.9642857142857143,0.6242236024844721,0.9642857142857143
27,0.9655172413793104,0.9655172413793104,0.5941644562334217,0.9655172413793104,0.9655172413793104,0.9655172413793104,0.9655172413793104,0.9655172413793104,0.9655172413793104,0.6356011183597391,0.9655172413793104,0.7833787465940054,0.9655172413793104,0.9655172413793104,0.8017241379310345,0.9655172413793104,0.9655172413793104,0.9655172413793104,0.9655172413793104,0.9655172413793104,0.9655172413793104,0.9655172413793104,0.6542056074766355,0.9655172413793104,0.9655172413793104,0.9655172413793104,0.9655172413793104,0.691358024691358,0.9655172413793104,0.9655172413793104,0.9655172413793104,0.5172413793103449,0.9655172413793104,0.9655172413793104,0.9655172413793104,0.9655172413793104,0.9655172413793104,0.9655172413793104,0.9655172413793104,0.9655172413793104,0.9655172413793104,0.9655172413793104,0.9655172413793104,0.9655172413793104,0.9655172413793104,0.9655172413793104,0.9655172413793104,0.9655172413793104,0.6251874062968515,0.9655172413793104
28,0.9666666666666667,0.9666666666666667,0.5948717948717949,0.9666666666666667,0.9666666666666667,0.9666666666666667,0.9666666666666667,0.9666666666666667,0.9666666666666667,0.6360360360360361,0.9666666666666667,0.7828947368421053,0.9666666666666667,0.9666666666666667,0.8023809523809524,0.9666666666666667,0.9666666666666667,0.9666666666666667,0.9666666666666667,0.9666666666666667,0.9666666666666667,0.9666666666666667,0.654627539503386,0.9666666666666667,0.9666666666666667,0.9666666666666667,0.9666666666666667,0.6877470355731226,0.9666666666666667,0.9666666666666667,0.9666666666666667,0.525,0.9666666666666667,0.9666666666666667,0.9666666666666667,0.9666666666666667,0.9666666666666667,0.9666666666666667,0.9666666666666667,0.9666666666666667,0.9666666666666667,0.9666666666666667,0.9666666666666667,0.9666666666666667,0.9666666666666667,0.9666666666666667,0.9666666666666667,0.9666666666666667,0.6260869565217392,0.9666666666666667
29,0.967741935483871,0.967741935483871,0.5955334987593052,0.967741935483871,0.967741935483871,0.967741935483871,0.967741935483871,0.967741935483871,0.967741935483871,0.6381865736704446,0.967741935483871,0.7834394904458599,0.967741935483871,0.967741935483871,0.8029953917050692,0.967741935483871,0.967741935483871,0.967741935483871,0.967741935483871,0.967741935483871,0.967741935483871,0.967741935483871,0.6550218340611353,0.967741935483871,0.967741935483871,0.967741935483871,0.967741935483871,0.6896551724137931,0.967741935483871,0.967741935483871,0.967741935483871,0.5241935483870968,0.967741935483871,0.967741935483871,0.967741935483871,0.967741935483871,0.967741935483871,0.967741935483871,0.967741935483871,0.967741935483871,0.967741935483871,0.967741935483871,0.967741935483871,0.967741935483871,0.967741935483871,0.967741935483871,0.967741935483871,0.967741935483871,0.6269284712482468,0.967741935483871
30,0.96875,0.96875,0.5961538461538461,0.96875,0.96875,0.96875,0.96875,0.96875,0.96875,0.6402027027027027,0.96875,0.7839506172839507,0.96875,0.96875,0.8035714285714286,0.96875,0.96875,0.96875,0.96875,0.96875,0.96875,0.96875,0.6553911205073996,0.96875,0.96875,0.96875,0.96875,0.6888888888888889,0.96875,0.96875,0.96875,0.5234375,0.96875,0.96875,0.96875,0.96875,0.96875,0.96875,0.96875,0.96875,0.96875,0.96875,0.96875,0.96875,0.96875,0.96875,0.96875,0.96875,0.6277173913043478,0.96875
31,0.9696969696969697,0.9696969696969697,0.5967365967365967,0.9696969696969697,0.9696969696969697,0.9696969696969697,0.9696969696969697,0.9696969696969697,0.9696969696969697,0.6412776412776413,0.9696969696969697,0.784688995215311,0.9696969696969697,0.9696969696969697,0.8041125541125541,0.9696969696969697,0.9696969696969697,0.9696969696969697,0.9696969696969697,0.9696969696969697,0.9696969696969697,0.9696969696969697,0.6557377049180327,0.9696969696969697,0.9696969696969697,0.9696969696969697,0.9696969696969697,0.6906474820143885,0.9696969696969697,0.9696969696969697,0.9696969696969697,0.5227272727272727,0.9696969696969697,0.9696969696969697,0.9696969696969697,0.9696969696969697,0.9696969696969697,0.9696969696969697,0.9696969696969697,0.9696969696969697,0.9696969696969697,0.9696969696969697,0.9696969696969697,0.9696969696969697,0.9696969696969697,0.9696969696969697,0.9696969696969697,0.9696969696969697,0.6284584980237155,0.9696969696969697
32,0.9705882352941176,0.9705882352941176,0.5972850678733032,0.9705882352941176,0.9705882352941176,0.9705882352941176,0.9705882352941176,0.9705882352941176,0.9705882352941176,0.6422893481717011,0.9705882352941176,0.7851335656213705,0.9705882352941176,0.9705882352941176,0.8046218487394958,0.9705882352941176,0.9705882352941176,0.9705882352941176,0.9705882352941176,0.9705882352941176,0.9705882352941176,0.9705882352941176,0.6560636182902585,0.9705882352941176,0.9705882352941176,0.9705882352941176,0.9705882352941176,0.6923076923076923,0.9705882352941176,0.9705882352941176,0.9705882352941176,0.5220588235294118,0.9705882352941176,0.9705882352941176,0.9705882352941176,0.9705882352941176,0.9705882352941176,0.9705882352941176,0.9705882352941176,0.9705882352941176,0.9705882352941176,0.9705882352941176,0.9705882352941176,0.9705882352941176,0.9705882352941176,0.9705882352941176,0.9705882352941176,0.9705882352941176,0.629156010230179,0.9705882352941176
33,0.9714285714285714,0.9714285714285714,0.5978021978021978,0.9714285714285714,0.9714285714285714,0.9714285714285714,0.9714285714285714,0.9714285714285714,0.9714285714285714,0.644015444015444,0.9714285714285714,0.7857948139797069,0.9714285714285714,0.9714285714285714,0.8051020408163265,0.9714285714285714,0.9714285714285714,0.9714285714285714,0.9714285714285714,0.9714285714285714,0.9714285714285714,0.9714285714285714,0.6563706563706564,0.9714285714285714,0.9714285714285714,0.9714285714285714,0.9714285714285714,0.6938775510204082,0.9714285714285714,0.9714285714285714,0.9714285714285714,0.5214285714285715,0.9714285714285714,0.9714285714285714,0.9714285714285714,0.9714285714285714,0.9714285714285714,0.9714285714285714,0.9714285714285714,0.9714285714285714,0.9714285714285714,0.9714285714285714,0.9714285714285714,0.9714285714285714,0.9714285714285714,0.9714285714285714,0.9714285714285714,0.9714285714285714,0.6298136645962733,0.9714285714285714
34,0.9722222222222222,0.9722222222222222,0.5982905982905983,0.9722222222222222,0.9722222222222222,0.9722222222222222,0.9722222222222222,0.9722222222222222,0.9722222222222222,0.6441441441441441,0.9722222222222222,0.7853231106243155,0.9722222222222222,0.9722222222222222,0.8055555555555556,0.9722222222222222,0.9722222222222222,0.9722222222222222,0.9722222222222222,0.9722222222222222,0.9722222222222222,0.9722222222222222,0.6566604127579737,0.9722222222222222,0.9722222222222222,0.9722222222222222,0.9722222222222222,0.693069306930693,0.9722222222222222,0.9722222222222222,0.9722222222222222,0.5208333333333334,0.9722222222222222,0.9722222222222222,0.9722222222222222,0.9722222222222222,0.9722222222222222,0.9722222222222222,0.9722222222222222,0.9722222222222222,0.9722222222222222,0.9722222222222222,0.9722222222222222,0.9722222222222222,0.9722222222222222,0.9722222222222222,0.9722222222222222,0.9722222222222222,0.6304347826086957,0.9722222222222222
35,0.972972972972973,0.972972972972973,0.5987525987525988,0.972972972972973,0.972972972972973,0.972972972972973,0.972972972972973,0.972972972972973,0.972972972972973,0.6442658875091307,0.972972972972973,0.7857142857142857,0.972972972972973,0.972972972972973,0.805984555984556,0.972972972972973,0.972972972972973,0.972972972972973,0.972972972972973,0.972972972972973,0.972972972972973,0.972972972972973,0.656934306569343,0.972972972972973,0.972972972972973,0.972972972972973,0.972972972972973,0.6945337620578779,0.972972972972973,0.972972972972973,0.972972972972973,0.5202702702702703,0.972972972972973,0.972972972972973,0.972972972972973,0.972972972972973,0.972972972972973,0.972972972972973,0.972972972972973,0.972972972972973,0.972972972972973,0.972972972972973,0.972972972972973,0.972972972972973,0.972972972972973,0.972972972972973,0.972972972972973,0.972972972972973,0.6310223266745005,0.972972972972973
36,0.9736842105263158,0.9736842105263158,0.5991902834008097,0.9736842105263158,0.9736842105263158,0.9736842105263158,0.9736842105263158,0.9736842105263158,0.9736842105263158,0.6443812233285917,0.9736842105263158,0.7860851505711319,0.9736842105263158,0.9736842105263158,0.806390977443609,0.9736842105263158,0.9736842105263158,0.9736842105263158,0.9736842105263158,0.9736842105263158,0.9736842105263158,0.9736842105263158,0.6571936056838366,0.9736842105263158,0.9736842105263158,0.9736842105263158,0.9736842105263158,0.69375,0.9736842105263158,0.9736842105263158,0.9736842105263158,0.5197368421052632,0.9736842105263158,0.9736842105263158,0.9736842105263158,0.9736842105263158,0.9736842105263158,0.9736842105263158,0.9736842105263158,0.9736842105263158,0.9736842105263158,0.9736842105263158,0.9736842105263158,0.9736842105263158,0.9736842105263158,0.9736842105263158,0.9736842105263158,0.9736842105263158,0.631578947368421,0.9736842105263158
37,0.9743589743589743,0.9743589743589743,0.5996055226824457,0.9743589743589743,0.9743589743589743,0.9743589743589743,0.9743589743589743,0.9743589743589743,0.9743589743589743,0.6458766458766458,0.9743589743589743,0.7874493927125507,0.9743589743589743,0.9743589743589743,0.8076923076923077,0.9743589743589743,0.9743589743589743,0.9743589743589743,0.9743589743589743,0.9743589743589743,0.9743589743589743,0.9743589743589743,0.657439446366782,0.9743589743589743,0.9743589743589743,0.9743589743589743,0.9743589743589743,0.6930091185410334,0.9743589743589743,0.9743589743589743,0.9743589743589743,0.5192307692307693,0.9743589743589743,0.9743589743589743,0.9743589743589743,0.9743589743589743,0.9743589743589743,0.9743589743589743,0.9743589743589743,0.9743589743589743,0.9743589743589743,0.9743589743589743,0.9743589743589743,0.9743589743589743,0.9743589743589743,0.9743589743589743,0.9743589743589743,0.9743589743589743,0.6321070234113713,0.9743589743589743
38,0.975,0.975,0.6,0.975,0.975,0.975,0.975,0.975,0.975,0.6472972972972973,0.975,0.7869822485207101,0.975,0.975,0.8080357142857143,0.975,0.975,0.975,0.975,0.975,0.975,0.975,0.657672849915683,0.975,0.975,0.975,0.975,0.6943620178041543,0.975,0.975,0.975,0.525,0.975,0.975,0.975,0.975,0.975,0.975,0.975,0.975,0.975,0.975,0.975,0.975,0.975,0.975,0.975,0.975,0.6326086956521739,0.975
39,0.975609756097561,0.975609756097561,0.600375234521576,0.975609756097561,0.975609756097561,0.975609756097561,0.975609756097561,0.975609756097561,0.975609756097561,0.6473302570863546,0.975609756097561,0.7882579403272377,0.975609756097561,0.975609756097561,0.8092334494773519,0.975609756097561,0.975609756097561,0.975609756097561,0.975609756097561,0.975609756097561,0.975609756097561,0.975609756097561,0.6578947368421053,0.975609756097561,0.975609756097561,0.975609756097561,0.975609756097561,0.6936416184971098,0.975609756097561,0.975609756097561,0.975609756097561,0.524390243902439,0.975609756097561,0.975609756097561,0.975609756097561,0.975609756097561,0.975609756097561,0.975609756097561,0.975609756097561,0.975609756097561,0.975609756097561,0.975609756097561,0.975609756097561,0.975609756097561,0.975609756097561,0.975609756097561,0.975609756097561,0.975609756097561,0.633085896076352,0.975609756097561
40,0.9761904761904762,0.9761904761904762,0.6007326007326007,0.9761904761904762,0.9761904761904762,0.9761904761904762,0.9761904761904762,0.9761904761904762,0.9761904761904762,0.6473616473616474,0.9761904761904762,0.7887323943661971,0.9761904761904762,0.9761904761904762,0.8095238095238095,0.9761904761904762,0.9761904761904762,0.9761904761904762,0.9761904761904762,0.9761904761904762,0.9761904761904762,0.9761904761904762,0.6581059390048154,0.9761904761904762,0.9761904761904762,0.9761904761904762,0.9761904761904762,0.6929577464788732,0.9761904761904762,0.9761904761904762,0.9761904761904762,0.5238095238095238,0.9761904761904762,0.9761904761904762,0.9761904761904762,0.9761904761904762,0.9761904761904762,0.9761904761904762,0.9761904761904762,0.9761904761904762,0.9761904761904762,0.9761904761904762,0.9761904761904762,0.9761904761904762,0.9761904761904762,0.9761904761904762,0.9761904761904762,0.9761904761904762,0.6335403726708074,0.9761904761904762
41,0.9767441860465116,0.9767441860465116,0.6010733452593918,0.9767441860465116,0.9767441860465116,0.9767441860465116,0.9767441860465116,0.9767441860465116,0.9767441860465116,0.6480201131363922,0.9767441860465116,0.7882676443629697,0.9767441860465116,0.9767441860465116,0.8098006644518272,0.9767441860465116,0.9767441860465116,0.9767441860465116,0.9767441860465116,0.9767441860465116,0.9767441860465116,0.9767441860465116,0.658307210031348,0.9767441860465116,0.9767441860465116,0.9767441860465116,0.9767441860465116,0.6942148760330579,0.9767441860465116,0.9767441860465116,0.9767441860465116,0.5290697674418605,0.9767441860465116,0.9767441860465116,0.9767441860465116,0.9767441860465116,0.9767441860465116,0.9767441860465116,0.9767441860465116,0.9767441860465116,0.9767441860465116,0.9767441860465116,0.9767441860465116,0.9767441860465116,0.9767441860465116,0.9767441860465116,0.9767441860465116,0.9767441860465116,0.6339737108190091,0.9767441860465116
42,0.9772727272727273,0.9772727272727273,0.6013986013986014,0.9772727272727273,0.9772727272727273,0.9772727272727273,0.9772727272727273,0.9772727272727273,0.9772727272727273,0.6492628992628993,0.9772727272727273,0.7887197851387645,0.9772727272727273,0.9772727272727273,0.810064935064935,0.9772727272727273,0.9772727272727273,0.9772727272727273,0.9772727272727273,0.9772727272727273,0.9772727272727273,0.9772727272727273,0.6584992343032159,0.9772727272727273,0.9772727272727273,0.9772727272727273,0.9772727272727273,0.6935483870967742,0.9772727272727273,0.9772727272727273,0.9772727272727273,0.5284090909090909,0.9772727272727273,0.9772727272727273,0.9772727272727273,0.9772727272727273,0.9772727272727273,0.9772727272727273,0.9772727272727273,0.9772727272727273,0.9772727272727273,0.9772727272727273,0.9772727272727273,0.9772727272727273,0.9772727272727273,0.9772727272727273,0.9772727272727273,0.9772727272727273,0.6343873517786561,0.9772727272727273
43,0.9777777777777777,0.9777777777777777,0.6017094017094017,0.9777777777777777,0.9777777777777777,0.9777777777777777,0.9777777777777777,0.9777777777777777,0.9777777777777777,0.6498498498498498,0.9777777777777777,0.7891513560804899,0.9777777777777777,0.9777777777777777,0.8103174603174603,0.9777777777777777,0.9777777777777777,0.9777777777777777,0.9777777777777777,0.9777777777777777,0.9777777777777777,0.9777777777777777,0.6586826347305389,0.9777777777777777,0.9777777777777777,0.9777777777777777,0.9777777777777777,0.6929133858267716,0.9777777777777777,0.9777777777777777,0.9777777777777777,0.5277777777777778,0.9777777777777777,0.9777777777777777,0.9777777777777777,0.9777777777777777,0.9777777777777777,0.9777777777777777,0.9777777777777777,0.9777777777777777,0.9777777777777777,0.9777777777777777,0.9777777777777777,0.9777777777777777,0.9777777777777777,0.9777777777777777,0.9777777777777777,0.9777777777777777,0.6347826086956522,0.9777777777777777
44,0.9782608695652174,0.9782608695652174,0.6020066889632107,0.9782608695652174,0.9782608695652174,0.9782608695652174,0.9782608695652174,0.9782608695652174,0.9782608695652174,0.6498237367802585,0.9782608695652174,0.7895637296834902,0.9782608695652174,0.9782608695652174,0.8105590062111802,0.9782608695652174,0.9782608695652174,0.9782608695652174,0.9782608695652174,0.9782608695652174,0.9782608695652174,0.9782608695652174,0.6588579795021962,0.9782608695652174,0.9782608695652174,0.9782608695652174,0.9782608695652174,0.6923076923076923,0.9782608695652174,0.9782608695652174,0.9782608695652174,0.5271739130434783,0.9782608695652174,0.9782608695652174,0.9782608695652174,0.9782608695652174,0.9782608695652174,0.9782608695652174,0.9782608695652174,0.9782608695652174,0.9782608695652174,0.9782608695652174,0.9782608695652174,0.9782608695652174,0.9782608695652174,0.9782608695652174,0.9782608695652174,0.9782608695652174,0.6351606805293005,0.9782608695652174
45,0.9787234042553191,0.9787234042553191,0.602291325695581,0.9787234042553191,0.9787234042553191,0.9787234042553191,0.9787234042553191,0.9787234042553191,0.9787234042553191,0.6509488211615871,0.9787234042553191,0.7899581589958159,0.9787234042553191,0.9787234042553191,0.810790273556231,0.9787234042553191,0.9787234042553191,0.9787234042553191,0.9787234042553191,0.9787234042553191,0.9787234042553191,0.9787234042553191,0.6590257879656161,0.9787234042553191,0.9787234042553191,0.9787234042553191,0.9787234042553191,0.6934673366834171,0.9787234042553191,0.9787234042553191,0.9787234042553191,0.526595744680851,0.9787234042553191,0.9787234042553191,0.9787234042553191,0.9787234042553191,0.9787234042553191,0.9787234042553191,0.9787234042553191,0.9787234042553191,0.9787234042553191,0.9787234042553191,0.9787234042553191,0.9787234042553191,0.9787234042553191,0.9787234042553191,0.9787234042553191,0.9787234042553191,0.6345975948196114,0.9787234042553191
46,0.9791666666666666,0.9791666666666666,0.6025641025641025,0.9791666666666666,0.9791666666666666,0.9791666666666666,0.9791666666666666,0.9791666666666666,0.9791666666666666,0.6503378378378378,0.9791666666666666,0.7903357903357904,0.9791666666666666,0.9791666666666666,0.8110119047619048,0.9791666666666666,0.9791666666666666,0.9791666666666666,0.9791666666666666,0.9791666666666666,0.9791666666666666,0.9791666666666666,0.6591865357643759,0.9791666666666666,0.9791666666666666,0.9791666666666666,0.9791666666666666,0.6911764705882353,0.9791666666666666,0.9791666666666666,0.9791666666666666,0.53125,0.9791666666666666,0.9791666666666666,0.9791666666666666,0.9791666666666666,0.9791666666666666,0.9791666666666666,0.9791666666666666,0.9791666666666666,0.9791666666666666,0.9791666666666666,0.9791666666666666,0.9791666666666666,0.9791666666666666,0.9791666666666666,0.9791666666666666,0.9791666666666666,0.634963768115942,0.9791666666666666
47,0.9795918367346939,0.9795918367346939,0.6028257456828885,0.9795918367346939,0.9795918367346939,0.9795918367346939,0.9795918367346939,0.9795918367346939,0.9795918367346939,0.6503033645890789,0.9795918367346939,0.7898957497995188,0.9795918367346939,0.9795918367346939,0.8119533527696793,0.9795918367346939,0.9795918367346939,0.9795918367346939,0.9795918367346939,0.9795918367346939,0.9795918367346939,0.9795918367346939,0.6593406593406593,0.9795918367346939,0.9795918367346939,0.9795918367346939,0.9795918367346939,0.6906474820143885,0.9795918367346939,0.9795918367346939,0.9795918367346939,0.5306122448979592,0.9795918367346939,0.9795918367346939,0.9795918367346939,0.9795918367346939,0.9795918367346939,0.9795918367346939,0.9795918367346939,0.9795918367346939,0.9795918367346939,0.9795918367346939,0.9795918367346939,0.9795918367346939,0.9795918367346939,0.9795918367346939,0.9795918367346939,0.9795918367346939,0.6353149955634427,0.9795918367346939
48,0.98,0.98,0.6030769230769231,0.98,0.98,0.98,0.98,0.98,0.98,0.6513513513513514,0.98,0.7908805031446541,0.98,0.98,0.8121428571428572,0.98,0.98,0.98,0.98,0.98,0.98,0.98,0.6594885598923284,0.98,0.98,0.98,0.98,0.691764705882353,0.98,0.98,0.98,0.53,0.98,0.98,0.98,0.98,0.98,0.98,0.98,0.98,0.98,0.98,0.98,0.98,0.98,0.98,0.98,0.98,0.6356521739130435,0.98
49,0.9803921568627451,0.9803921568627451,0.6033182503770739,0.9803921568627451,0.9803921568627451,0.9803921568627451,0.9803921568627451,0.9803921568627451,0.9803921568627451,0.6518282988871225,0.9803921568627451,0.7918272937548189,0.9803921568627451,0.9803921568627451,0.8130252100840336,0.9803921568627451,0.9803921568627451,0.9803921568627451,0.9803921568627451,0.9803921568627451,0.9803921568627451,0.9803921568627451,0.6596306068601583,0.9803921568627451,0.9803921568627451,0.9803921568627451,0.9803921568627451,0.6912442396313364,0.9803921568627451,0.9803921568627451,0.9803921568627451,0.5343137254901961,0.9803921568627451,0.9803921568627451,0.9803921568627451,0.9803921568627451,0.9803921568627451,0.9803921568627451,0.9803921568627451,0.9803921568627451,0.9803921568627451,0.9803921568627451,0.9803921568627451,0.9803921568627451,0.9803921568627451,0.9803921568627451,0.9803921568627451,0.9803921568627451,0.6359761295822677,0.9803921568627451
